name,description
dean,"Senior academic administrator leading a faculty, responsible for academic programs, faculty management, budget oversight, and strategic planning within their faculty domain"
rector,"Chief executive officer of the university, providing institutional leadership, setting strategic vision, representing the university externally, and overseeing all academic and administrative operations"
student_service,"Support professional dedicated to student welfare, providing academic counseling, career guidance, student development programs, and addressing student concerns and needs"
finance_service,"Financial expert managing university financial operations including budgeting, accounting, financial reporting, procurement, and fiscal planning to ensure institutional financial health"
general_service,"Administrative support staff performing essential operational tasks across multiple departments, ensuring smooth day-to-day university functioning and service delivery"
rector_office,"Executive support team member assisting the rector with administrative coordination, communication management, policy implementation, and institutional governance activities"
quality_insurance,"Quality assurance specialist focused on maintaining and enhancing academic standards, program accreditation, institutional effectiveness, and continuous improvement processes"
academic_affairs,"Academic administrator overseeing curriculum development, faculty recruitment and development, academic policies, program assessment, and educational quality enhancement"
supervisor,"Academic mentor and guide responsible for student supervision, research direction, academic advising, and supporting student academic and professional development"
